Salary,Salary,Salary,Salary,PerformanceRating,ProjectsCompleted,EmployeeID
mean,sum,min,max,mean,sum,count
77390.80645161291,2399115,34234,130546,3.664516129032258,874,31
90750.10714285714,2541003,30717,148696,3.4107142857142856,851,28
88031.45714285714,3081101,30192,149072,3.565714285714286,958,35
89168.65217391304,2050879,33453,149639,3.6608695652173915,600,23
89251.81818181818,2945310,32763,142622,3.375757575757576,902,33
